{
	"name" : "sceneName",
	
	"entities" :
	[
		{
		"COMENTARIO" : "Entidad definida sin prefab, con componentes a mano",
			"tag" : "cube",
			"position" : [x, y, z],
			"rotation" : [x, y, z],
			"scale" : [x, y, z],
			"components" : [
				{
				"COMENTARIO" : "Mesh debe SIEMPRE ir antes de RigidBody",
					"type" : "Mesh",
					"mesh" : "file.mesh",
					"material" : "material",
					"isAnimated" : bool
				},
				{
					"type" : "RigidBody",
					"shape" : "sphere/cube/mesh",
					"mass" : float,
				"COMENTARIO" : "Si isStatic, se ignora isKinematic",
				"COMENTARIO2" : "Si isStatic o isKinematic, se ignora masa",
					"isStatic" : bool,
					"isKinematic" : bool
					
				},
				{
					"COMENTARIO" : "definicion de las propiedades de la cámara, añadir a medida que sea necesario. La camara es un componente",
					"type" : "Camera",
					"nearClipDistance" : int,
					"farClipDistance" : int,
					"autoAspectRatio" : bool,
					"lookAt" : [x, y, z],
					"bgColour" : [r, g, b, a] (bgColor works too!)
					
				}
			]
		},
		{
			"COMENTARIO" : "Entidad definida con prefab, aún no implementado!",
			"tag" : "cube2",
			"prefab" : "cube"
		},
		{
			"COMENTARIO" : "Entidad definida con prefab, editando los componentes, aún no implementado!",
			"tag" : "cube3",
			"prefab" : "cube",
			"components" : [
			
			]
		}
	]
}