{
	"name" : "test",
	"entities" :
	[
		{
			"name" : "camera",
			"position" : [0, 150, 0],
			"rotation" : [0, 0, 0], 
			"scale" : [1, 1, 1],
			"components" : [
				{
					"type" : "Camera",
					"lookAt" : [1, 0.8, 0],
					"bgColour" : [0, 0, 1, 1]
				},
				{
					"type": "AudioListenerComponent"
				}
			]
		},
		{
			"name" : "light",
			"prefab" : "sunlight"
		},
		{
			"name" : "background",
			"rotation" : [90, 90, 0],
			"position" : [0, -150, 0],
			"scale" : [3.7, 2.15, 1],
			"components" : [
				{
					"type" : "Mesh",
					"mesh" : "cube.mesh",
					"material" : "background"
				}
			]
		},
		{
			"name" : "mini_1",
			"rotation" : [50, 0, 270],
			"position" : [40, 10, -70],
			"scale" : [1, 1, 1],
			"components" : [
				{
					"type" : "Mesh",
					"mesh" : "mini1.mesh",
					"material" : "test"
				}
			]
		},
		{
			"name" : "mini_2",
			"rotation" : [50, 0, 270],
			"position" : [40, 10, -22],
			"scale" : [1, 1, 1],
			"components" : [
				{
					"type" : "Mesh",
					"mesh" : "mini2.mesh",
					"material" : "test"
				}
			]
		},
		{
			"name" : "mini_3",
			"rotation" : [50, 0, 270],
			"position" : [40, 10, 20],
			"scale" : [1, 1, 1],
			"components" : [
				{
					"type" : "Mesh",
					"mesh" : "mini3.mesh",
					"material" : "test"
				}
			]
		},
		{
			"name" : "mini_4",
			"rotation" : [50, 0, 270],
			"position" : [45, 10, 60],
			"scale" : [1, 1, 1],
			"components" : [
				{
					"type" : "Mesh",
					"mesh" : "mini4.mesh",
					"material" : "test"
				}
			]
		},
		{
			"name" : "mini_5",
			"rotation" : [90, 0, 90],
			"position" : [-8, 10, -70],
			"scale" : [0.5, 0.5, 0.5],
			"components" : [
				{
					"type" : "Mesh",
					"mesh" : "mini5.mesh",
					"material" : "test"
				}
			]
		},
		{
			"name" : "mini_6",
			"rotation" : [50, 0, 270],
			"position" : [-10, 10, -22],
			"scale" : [0.6, 0.2, 0.6],
			"components" : [
				{
					"type" : "Mesh",
					"mesh" : "mini7.mesh",
					"material" : "test"
				}
			]
		},
		{
			"name" : "mini_7",
			"rotation" : [0, 0, 270],
			"position" : [-10, 10, 25],
			"scale" : [0.8, 0.8, 0.8],
			"components" : [
				{
					"type" : "Mesh",
					"mesh" : "mini8.mesh",
					"material" : "test"
				}
			]
		},
		{
			"name" : "mini_8",
			"rotation" : [50, 0, 270],
			"position" : [-10, 10, 70],
			"scale" : [0.8, 0.8, 0.8],
			"components" : [
				{
					"type" : "Mesh",
					"mesh" : "mini9.mesh",
					"material" : "test"
				}
			]
		},
		{
			"name" : "mini_9",
			"rotation" : [50, 0, 270],
			"position" : [40, 10, -70],
			"scale" : [0.5, 0.5, 0.5],
			"components" : [
				{
					"type" : "Mesh",
					"mesh" : "mini10.mesh",
					"material" : "test"
				}
			]
		},
		{
			"name" : "mini_10",
			"rotation" : [50, 0, 270],
			"position" : [40, 10, -18],
			"scale" : [0.8, 0.8, 0.8],
			"components" : [
				{
					"type" : "Mesh",
					"mesh" : "mini11.mesh",
					"material" : "test"
				}
			]
		},
		{
			"name" : "mini_11",
			"rotation" : [50, 0, 270],
			"position" : [40, 10, 23],
			"scale" : [0.8, 0.8, 0.8],
			"components" : [
				{
					"type" : "Mesh",
					"mesh" : "mini1.mesh",
					"material" : "test"
				}
			]
		},
		{
			"name" : "mini_12",
			"rotation" : [50, 0, 270],
			"position" : [40, 10, 70],
			"scale" : [1, 1, 1],
			"components" : [
				{
					"type" : "Mesh",
					"mesh" : "mini2.mesh",
					"material" : "test"
				}
			]
		},
		{
			"name" : "mini_13",
			"rotation" : [50, 0, 270],
			"position" : [-10, 10, -75],
			"scale" : [1, 1, 1],
			"components" : [
				{
					"type" : "Mesh",
					"mesh" : "mini3.mesh",
					"material" : "test"
				}
			]
		},
		{
			"name" : "mini_14",
			"rotation" : [50, 0, 270],
			"position" : [-8, 10, -28],
			"scale" : [0.8, 0.8, 0.8],
			"components" : [
				{
					"type" : "Mesh",
					"mesh" : "mini4.mesh",
					"material" : "test"
				}
			]
		},
		{
			"name" : "mini_15",
			"rotation" : [50, 0, 270],
			"position" : [-10, 10, 23],
			"scale" : [0.5, 0.5, 0.5],
			"components" : [
				{
					"type" : "Mesh",
					"mesh" : "mini5.mesh",
					"material" : "test"
				}
			]
		},
		{
			"name" : "mini_16",
			"rotation" : [0, 0, 270],
			"position" : [-5, 10, 75],
			"scale" : [0.4, 0.4, 0.4],
			"components" : [
				{
					"type" : "Mesh",
					"mesh" : "mini7.mesh",
					"material" : "test"
				}
			]
		}
	],
	
	"UI" :
	[
		{
			"type" : "layout", 
			"name" : "LevelSelectionCanicas.layout",
			"visible": true
		},
		{
			"type" : "entity",
			"name" : "UI_0",
			"components" : 
			[
				{
					"type": "LevelSelectionComponent",
					"topButtons":
					[
						"LevelSelection/Boton_Nivel_1",
						"LevelSelection/Boton_Nivel_2",
						"LevelSelection/Boton_Nivel_3",
						"LevelSelection/Boton_Nivel_4"
					],
					"botButtons":
					[
						"LevelSelection/Boton_Nivel_5",
						"LevelSelection/Boton_Nivel_6",
						"LevelSelection/Boton_Nivel_7",
						"LevelSelection/Boton_Nivel_8"
					],
					"records":
					[
						"LevelSelection/Info_1_Text",
						"LevelSelection/Info_2_Text",
						"LevelSelection/Info_3_Text",
						"LevelSelection/Info_4_Text",
						"LevelSelection/Info_5_Text",
						"LevelSelection/Info_6_Text",
						"LevelSelection/Info_7_Text",
						"LevelSelection/Info_8_Text"
					],
					"extraButton" : "LevelSelection/Atras",
					"leftArrow": "LevelSelection/LeftArrow",
					"rightArrow": "LevelSelection/RightArrow",
					"delay" : 0.15
				},
				{
					"type": "ChangeSceneButtonComponent",
					"buttonName" : "LevelSelection/Atras",
					"sceneName" : "Menu"
				}
			]
		}
	]
}