{
	"name" : "test",
	"entities" :
	[
		{
			"name" : "camera",
			"position" : [-500, 150, 0],
			"rotation" : [0, 0, 0], 
			"scale" : [1, 1, 1],
			"components" : [
				{
					"type" : "Camera",
					"lookAt" : [1, 0.8, 0],
					"bgColour" : [0, 0, 1, 1]
				},
				{
					"type": "AudioListenerComponent"
				},
				{
					"type": "SimpleMovement",
					"speed": 5.0,
					"rotateSpeed": 6.0
				}
			]
		}
	],
	
	"UI" :
	[
		{
			"type" : "layout", 
			"name" : "MenuCanicas.layout",
			"visible": true
		},
		{
			"type" : "entity",
			"name" : "UI_1",
			"components" : 
			[
				{
					"type": "ChangeSceneButtonComponent",
					"buttonName" : "MainMenu/LevelSelect",
					"sceneName" : "LevelSelection"
				},
				{
					"type": "MainMenuInputComponent",
					"buttons" :
					[
					 "MainMenu/LevelSelect",
					 "MainMenu/Settings",
					 "MainMenu/Exit"
					],
					"delay" : 0.2
				}
			]
		}, 

		{
			"type" : "entity",
			"name" : "UI_2",
			"components" : 
			[
				{
					"type": "ExitButtonComponent",
					"buttonName" : "MainMenu/Exit"
				}
			]
		},
		{
			"type" : "entity",
			"name" : "UI_3",
			"components" : 
			[
				{
					"type": "ChangeSceneButtonComponent",
					"buttonName" : "MainMenu/Settings",
					"sceneName" : "OptionsMenu"
				}
			]
		},
		{
			"name": "GM",
			"prefab" : "gameManager"
		}
	]
}
