{
	"name" : "nivel 2",
	"entities" :
	[
    {
      "name": "centro",
      "position": [ 0, 0, 0 ],
      "rotation": [ 0, 0, 0 ],
      "scale": [ 1, 1, 1 ]
    },
	{
		"name" : "light",
		"prefab" : "sunlight"
	},
	{
		"name" : "bg",
		"components" : [
			{
				"type" : "Skybox",
				"material" : "sky",
				"skyType" : "box"
			}
		]
	},
    {
      "name": "2_1",
      "position": [ 0, 0, 0 ],
      "rotation": [ 0, 0, 0 ],
      "scale": [ 10, 10, 10 ],
      "parent": "centro",
      "components": [
        {
          "type": "Mesh",
          "mesh": "2_1.mesh",
          "material": "test"
        },
        {
          "type": "RigidBody",
          "friction": 0.75
        }
      ]
    },
		{
			"name" : "2_2",
			"position" : [0, 0, 0],
			"rotation" : [0, 0, 0],
			"scale" : [10, 10, 10],
			"parent" : "centro",
			"components" : [
				{
					"type" : "Mesh",
					"mesh" : "2_2.mesh",
					"material" : "test"
				},
        {
          "type": "RigidBody",
          "friction": 0.75
        }
			]
		},
		{
			"name" : "2_3",
			"position" : [0, 0, 0],
			"rotation" : [0, 0, 0],
			"scale" : [10, 10, 10],
			"parent" : "centro",
			"components" : [
				{
					"type" : "Mesh",
					"mesh" : "2_3.mesh",
					"material" : "test"
				},
        {
          "type": "RigidBody",
          "friction": 0.75
        }
			]
		},
		{
			"name" : "2_4",
			"position" : [0, 0, 0],
			"rotation" : [0, 0, 0],
			"scale" : [10, 10, 10],
			"parent" : "centro",
			"components" : [
				{
					"type" : "Mesh",
					"mesh" : "2_4.mesh",
					"material" : "test"
				},
        {
          "type": "RigidBody",
          "friction": 0.75
        }
			]
		},
		{
			"name" : "2_5",
			"position" : [0, 0, 0],
			"rotation" : [0, 0, 0],
			"scale" : [10, 10, 10],
			"parent" : "centro",
			"components" : [
				{
					"type" : "Mesh",
					"mesh" : "2_5.mesh",
					"material" : "test"
				},
        {
          "type": "RigidBody",
          "friction": 0.75
        }
			]
		},
		{
			"name" : "2_6",
			"position" : [0, 0, 0],
			"rotation" : [0, 0, 0],
			"scale" : [10, 10, 10],
			"parent" : "centro",
			"components" : [
				{
					"type" : "Mesh",
					"mesh" : "2_6.mesh",
					"material" : "test"
				},
        {
          "type": "RigidBody",
          "friction": 0.75
        }
			]
		},
		{
			"name" : "2_7",
			"position" : [0, 0, 0],
			"rotation" : [0, 0, 0],
			"scale" : [10, 10, 10],
			"parent" : "centro",
			"components" : [
				{
					"type" : "Mesh",
					"mesh" : "2_7.mesh",
					"material" : "test"
				},
        {
          "type": "RigidBody",
          "friction": 0.75
        }
			]
		},
		{
			"name" : "2_8",
			"position" : [0, 0, 0],
			"rotation" : [0, 0, 0],
			"scale" : [10, 10, 10],
			"parent" : "centro",
			"components" : [
				{
					"type" : "Mesh",
					"mesh" : "2_8.mesh",
					"material" : "test"
				},
        {
          "type": "RigidBody",
          "friction": 0.75
        }
			]
		},
		{
			"name" : "2_9",
			"position" : [0, 0, 0],
			"rotation" : [0, 0, 0],
			"scale" : [10, 10, 10],
			"parent" : "centro",
			"components" : [
				{
					"type" : "Mesh",
					"mesh" : "2_9.mesh",
					"material" : "test"
				},
        {
          "type": "RigidBody",
          "friction": 0.75
        }
			]
    },
		{
			"prefab" : "marble",
			"name" : "ball",
			"position" : [0, 60, 80],
			"rotation" : [0, 0, 0]
		},
		{
			"name" : "death",
			"position" : [0, -100, 0],
			"rotation" : [0,0,0],
			"scale" : [0,0,0],
			"components" : [
				{
					"type" : "DeathZoneComponent",
					"marble" : "ball"
				}
			]
		},
		{
			"name" : "goal",
			"position" : [0, 10, -80],
			"rotation" : [0, 0, 0],
			"scale" : [0.1, 0.1, 0.1],
			"components" : [
				{
					"type" : "Mesh",
					"mesh" : "cube.mesh",
					"material" : "test"
				},
				{
					"type" : "RigidBody"
				},
				{
					"type" : "GoalComponent",
					"nextLevel" : "nivel 3",
					"levelSelection" : "LevelSelection",
					"delay" : 0.20
				}
			]
		},
		{
			"name" : "cameraPivot",
			"position" : [0, 60, 80],
			"rotation" : [0, 0, 0], 
			"scale" : [1, 1, 1]
		},
		{
			"name" : "camera",
			"position" : [0, 110, 160],
			"rotation" : [0, 0, 0], 
			"scale" : [1, 1, 1],
			"parent" : "cameraPivot",
			"components" : [
				{
					"type" : "Camera",
					"lookAt" : [-50, 0, 0],
					"bgColour" : [0, 0, 1, 1]
				},
				{
					"type": "AudioListenerComponent"
				},
				{
					"type": "CameraController",
					"marble" : "ball"
				}
			]
		},
		{
			"name": "GM",
			"prefab" : "gameManager"
		}
	],
	
	"UI" :
	[
		{
			"type" : "layout", 
			"name" : "Ingame.layout",
			"visible": true
		},		
		{
			"type" : "layout", 
			"name" : "MenuPausaCanicas.layout",
			"visible": false
		},
		{
			"type" : "layout", 
			"name" : "BasicOptions.layout",
			"visible": false
		},
		{
			"type" : "layout", 
			"name" : "GraphicOptionsMenu.layout",
			"visible": false
		},
		{
			"type" : "layout", 
			"name" : "AdvancedOptionsMenu.layout",
			"visible": false
		},
		{
			"type" : "layout", 
			"name" : "levelCompleted.layout",
			"visible": false
		},
		{
			"type" : "entity",
			"name" : "UI",
			"components" : 
			[
				{
					"type": "PauseMenuComponent",
					"buttons" :
					[
					 "PauseMenu/Return",
					 "PauseMenu/Reset",
					 "PauseMenu/Settings",
					 "PauseMenu/MainMenu",
					 "PauseMenu/Exit"
					],
					"basicOptionButtons" :
					[
					 "BasicOptions/LeftArrow_5",
					 "BasicOptions/RightArrow_5",
					 "BasicOptions/LeftArrow_4",
					 "BasicOptions/RightArrow_4",
					 "BasicOptions/LeftArrow_3",
					 "BasicOptions/RightArrow_3",
					 "BasicOptions/LeftArrow_2",
					 "BasicOptions/RightArrow_2",
					 "BasicOptions/LeftArrow_1",
					 "BasicOptions/RightArrow_1"
					],
					"basicOptionTexts":
					[
					 "BasicOptions/Text_Selector_1",
					 "BasicOptions/Text_Selector_2",
					 "BasicOptions/Text_Selector_3",
					 "BasicOptions/Text_Selector_4",
					 "BasicOptions/Text_Selector_5"
					],
					"basicExtraButton" : "BasicOptions/GraphicOptions",
					"basicOptionBotButtons" :
					[
					 "BasicOptions/Apply",
					 "BasicOptions/Revert",
					 "BasicOptions/Back"
					],
					"graphicOptionDownButtons" :
					[
					 "GraphicOptions/Apply",
					 "GraphicOptions/Revert",
					 "GraphicOptions/Back"
					],
					"graphicOptionTopButtons" :
					[
					 "GraphicOptions/LeftArrow_5",
					 "GraphicOptions/RightArrow_5",
					 "GraphicOptions/LeftArrow_4",
					 "GraphicOptions/RightArrow_4",
					 "GraphicOptions/LeftArrow_3",
					 "GraphicOptions/RightArrow_3",
					 "GraphicOptions/LeftArrow_2",
			 		 "GraphicOptions/RightArrow_2",
				 	 "GraphicOptions/LeftArrow_1",
					 "GraphicOptions/RightArrow_1"
					],
					"graphicOptionExtraButton": "GraphicOptions/AdvancedOptions",
					"graphicOptionTexts" :
					[
					 "GraphicOptions/Text_Selector_1",
					 "GraphicOptions/Text_Selector_2",
					 "GraphicOptions/Text_Selector_3",
					 "GraphicOptions/Text_Selector_4",
					 "GraphicOptions/Text_Selector_5"
					],
					"advancedGraphicOptionDownButtons" :
					[
					 "AdvancedGraphicOptions/Apply",
					 "AdvancedGraphicOptions/Revert",
					 "AdvancedGraphicOptions/Back"
					],
					"advancedOptionTexts" :
					[
					 "AdvancedGraphicOptions/Text_Selector_1",
					 "AdvancedGraphicOptions/Text_Selector_2",
					 "AdvancedGraphicOptions/Text_Selector_3",
					 "AdvancedGraphicOptions/Text_Selector_4"
					],
					"advancedGraphicOptionTopButtons" :
					[
					 "AdvancedGraphicOptions/LeftArrow_4",
					 "AdvancedGraphicOptions/RightArrow_4",
					 "AdvancedGraphicOptions/LeftArrow_3",
					 "AdvancedGraphicOptions/RightArrow_3",
					 "AdvancedGraphicOptions/LeftArrow_2",
					 "AdvancedGraphicOptions/RightArrow_2",
					 "AdvancedGraphicOptions/LeftArrow_1",
					 "AdvancedGraphicOptions/RightArrow_1"
					],
					"Level" : "nivel 2",
					"MainMenu" : "LevelSelection",
					"delay" : 0.20,
					"delayPause" : 0.5					
				}		
			]
		}
	]
}
