{
	"marble" : 
	{
		"name" : "ball",
		"tag" : "marble",
		"position" : [0, 0, 0],
		"rotation" : [0, 0, 0],
		"scale" : [0.05, 0.05, 0.05],
		"components" : [
			{
				"type" : "Mesh",
				"mesh" : "sphere.mesh",
				"material" : "sphereTest"
			},
      {
        "type": "RigidBody",
        "disableDeactivation": true,
        "mass": 10,
        "rollingFriction": 0.555,
        "friction": 0.555
      },
			{
				"type" : "FakeRotation"
			}
		]
	},
	
	"floor" :
	{
		"position" : [0, 0, 0],
		"rotation" : [0, 0, 0],
		"scale" : [7, 0.1, 3],
		"components" : [
			{
				"type" : "Mesh",
				"mesh" : "cube.mesh",
				"material" : "red"
			},
			{
				"type" : "RigidBody",
				"shape" : "cube",
				"isKinematic" : true
			}
		]
	},
	
	"sunlight" :
	{
		"position" : [0, 0, 0],
			"components" : [
				{
					"type" : "Light",
					"lightType" : "directional",
					"lightDir"  : [0, -1, 0]
				}
			]
	},
	
	"star" :
	{
		"tag" : "star",
		"position" : [0, 0, 0],
		"rotation" : [0, 0, 0],
		"scale" : [10, 10, 10],
		"components" : [
			{
				"type" : "Mesh",
				"mesh" : "Star.mesh",
				"material" : "sphereTest"
			},
			{
				"type" : "RigidBody"
			},
			{
				"type" : "StarCollision"
			}
		]
	},
	
	"gameManager": {
		"position": [ 0, 0, 0 ],
		"dontDestroyOnLoad": true,
		"components": [
			{
				"type": "GameManager"
			}
		]
	}

}