{
	"name" : "test",
	"entities" :
	[
		{
			"name" : "centro",
			"position" : [0, 0, 0],
			"rotation" : [0, 0, 0],
			"scale" : [1, 1, 1],
			"components" : [		
				{
					"type" : "RotateWorld"
				}
				]
			},
		{
			"name" : "1_1",
			"position" : [0, 0, 0],
			"rotation" : [0, 0, 0],
			"scale" : [10, 10, 10],
			"parent" : "centro",
			"components" : [
				{
					"type" : "Mesh",
					"mesh" : "1_1.mesh",
					"material" : "test"
				},
				{
					"type" : "RigidBody"
				}
			]
		},
		{
			"name" : "1_2",
			"position" : [0, 0, 0],
			"rotation" : [0, 0, 0],
			"scale" : [10, 10, 10],
			"parent" : "centro",
			"components" : [
				{
					"type" : "Mesh",
					"mesh" : "1_2.mesh",
					"material" : "test"
				},
				{
					"type" : "RigidBody"
				}
			]
		},
		{
			"name" : "1_3",
			"position" : [0, 0, 0],
			"rotation" : [0, 0, 0],
			"scale" : [10, 10, 10],
			"parent" : "centro",
			"components" : [
				{
					"type" : "Mesh",
					"mesh" : "1_3.mesh",
					"material" : "test"
				},
				{
					"type" : "RigidBody"
				}
			]
		},
		{
			"name" : "1_4",
			"position" : [0, 0, 0],
			"rotation" : [0, 0, 0],
			"scale" : [10, 10, 10],
			"parent" : "centro",
			"components" : [
				{
					"type" : "Mesh",
					"mesh" : "1_4.mesh",
					"material" : "test"
				},
				{
					"type" : "RigidBody"
				}
			]
		},
		{
			"name" : "1_5",
			"position" : [0, 0, 0],
			"rotation" : [0, 0, 0],
			"scale" : [10, 10, 10],
			"parent" : "centro",
			"components" : [
				{
					"type" : "Mesh",
					"mesh" : "1_5.mesh",
					"material" : "test"
				},
				{
					"type" : "RigidBody"
				}
			]
		},
		{
			"name" : "1_6",
			"position" : [0, 0, 0],
			"rotation" : [0, 0, 0],
			"scale" : [10, 10, 10],
			"parent" : "centro",
			"components" : [
				{
					"type" : "Mesh",
					"mesh" : "1_6.mesh",
					"material" : "test"
				},
				{
					"type" : "RigidBody"
				}
			]
		},
		{
			"name" : "1_7",
			"position" : [0, 0, 0],
			"rotation" : [0, 0, 0],
			"scale" : [10, 10, 10],
			"parent" : "centro",
			"components" : [
				{
					"type" : "Mesh",
					"mesh" : "1_7.mesh",
					"material" : "test"
				},
				{
					"type" : "RigidBody"
				}
			]
		},
		{
			"name" : "1_8",
			"position" : [0, 0, 0],
			"rotation" : [0, 0, 0],
			"scale" : [10, 10, 10],
			"parent" : "centro",
			"components" : [
				{
					"type" : "Mesh",
					"mesh" : "1_8.mesh",
					"material" : "test"
				},
				{
					"type" : "RigidBody"
				}
			]
		},
		{
			"name" : "1_9",
			"position" : [0, 0, 0],
			"rotation" : [0, 0, 0],
			"scale" : [10, 10, 10],
			"parent" : "centro",
			"components" : [
				{
					"type" : "Mesh",
					"mesh" : "1_9.mesh",
					"material" : "test"
				},
				{
					"type" : "RigidBody"
				}
			]
		},
		{
			"name" : "ball",
			"position" : [0, 30, 60],
			"rotation" : [0, 0, 0],
			"scale" : [0.05, 0.05, 0.05],
			"components" : [
				{
					"type" : "Mesh",
					"mesh" : "sphere.mesh",
					"material" : "sphereTest"
				},
				{
					"type" : "RigidBody",
					"disableDeactivation" : true,
					"mass" : 10
				}
			]
		},
		{
			"name" : "camera",
			"position" : [0, 100, 120],
			"rotation" : [0, 0, 0], 
			"scale" : [1, 1, 1],
			"components" : [
				{
					"type" : "Camera",
					"lookAt" : [1, 1, 0],
					"bgColour" : [0, 0, 1, 1]
				},
				{
					"type": "AudioListenerComponent"
				}
			]
		}
	],
	
	"UI" :
	[
		{
			"type" : "layout", 
			"name" : "Ingame.layout",
			"visible": true
		},
		{
			"type" : "entity",
			"name" : "UI",
			"components" : 
			[
				{
					"type": "ChangeSceneButtonComponent",
					"buttonName" : "Ingame/Menu",
					"sceneName" : "Menu"
				}				
			]
		}
	]
}
